{
    "Join-Order": {
        "syntax_error": {
            "precision": 1.0,
            "recall": 0.5137614678899083,
            "f1": 0.6787878787878788
        },
        "syntax_error_type": {
            "precision": 0.5222222222222221,
            "recall": 0.3537181020733653,
            "f1": 0.3904448621553885
        }
    },
    "SDSS": {
        "syntax_error": {
            "precision": 0.9923076923076923,
            "recall": 0.6898395721925134,
            "f1": 0.8138801261829653
        },
        "syntax_error_type": {
            "precision": 0.7765873015873017,
            "recall": 0.5218968819199233,
            "f1": 0.5845955834640734
        }
    },
    "SQLShare": {
        "syntax_error": {
            "precision": 0.9310344827586207,
            "recall": 0.6206896551724138,
            "f1": 0.7448275862068966
        },
        "syntax_error_type": {
            "precision": 0.700475839643702,
            "recall": 0.402341254804309,
            "f1": 0.43466968123044103
        }
    }
}