{
    "Join-Order": {
        "syntax_error": {
            "precision": 0.9158878504672897,
            "recall": 0.8990825688073395,
            "f1": 0.9074074074074073
        },
        "syntax_error_type": {
            "precision": 0.5946428571428571,
            "recall": 0.5600378787878788,
            "f1": 0.5360069849399117
        }
    },
    "SDSS": {
        "syntax_error": {
            "precision": 0.9876543209876543,
            "recall": 0.8556149732620321,
            "f1": 0.9169054441260746
        },
        "syntax_error_type": {
            "precision": 0.8249961095549331,
            "recall": 0.7100801464280727,
            "f1": 0.7579166370699605
        }
    },
    "SQLShare": {
        "syntax_error": {
            "precision": 0.958041958041958,
            "recall": 0.7873563218390804,
            "f1": 0.864353312302839
        },
        "syntax_error_type": {
            "precision": 0.7427612070469214,
            "recall": 0.6147492286039083,
            "f1": 0.6571784991838676
        }
    }
}