{
    "Join-Order": {
        "missing_token": {
            "precision": 0.9727272727272728,
            "recall": 0.9907407407407407,
            "f1": 0.981651376146789
        },
        "missing_token_type": {
            "precision": 0.729482641541465,
            "recall": 0.7602698573286808,
            "f1": 0.7274862882638349
        },
        "missing_token_location": {
            "mae": 22.39814814814815,
            "hr": 0.12962962962962962
        }
    },
    "SDSS": {
        "missing_token": {
            "precision": 0.9720930232558139,
            "recall": 0.95,
            "f1": 0.9609195402298849
        },
        "missing_token_type": {
            "precision": 0.7900809793521651,
            "recall": 0.7768733505219432,
            "f1": 0.7776445732499216
        },
        "missing_token_location": {
            "mae": 21.29090909090909,
            "hr": 0.18636363636363637
        }
    },
    "SQLShare": {
        "missing_token": {
            "precision": 0.892018779342723,
            "recall": 0.9895833333333334,
            "f1": 0.9382716049382716
        },
        "missing_token_type": {
            "precision": 0.7406067931708245,
            "recall": 0.755500795177312,
            "f1": 0.7463684465224917
        },
        "missing_token_location": {
            "mae": 8.135416666666666,
            "hr": 0.2708333333333333
        }
    }
}