{
    "SDSS": {
        "query_performance": {
            "precision": 0.3046875,
            "recall": 0.9512195121951219,
            "f1": 0.4615384615384615
        }
    }
}