{
    "Join-Order": {
        "syntax_error": {
            "precision": 0.9710144927536232,
            "recall": 0.6146788990825688,
            "f1": 0.7528089887640449
        },
        "syntax_error_type": {
            "precision": 0.6394097222222223,
            "recall": 0.4252492025518341,
            "f1": 0.48145873734109035
        }
    },
    "SDSS": {
        "syntax_error": {
            "precision": 0.953125,
            "recall": 0.6524064171122995,
            "f1": 0.7746031746031746
        },
        "syntax_error_type": {
            "precision": 0.8067952138410542,
            "recall": 0.5316801574002035,
            "f1": 0.6025208907697388
        }
    },
    "SQLShare": {
        "syntax_error": {
            "precision": 0.920863309352518,
            "recall": 0.735632183908046,
            "f1": 0.8178913738019169
        },
        "syntax_error_type": {
            "precision": 0.7166666666666667,
            "recall": 0.573858243562677,
            "f1": 0.628798338453888
        }
    }
}