{
    "Join-Order": {
        "query_equality": {
            "precision": 0.925,
            "recall": 0.7956989247311828,
            "f1": 0.8554913294797687
        },
        "query_equality_type": {
            "precision": 0.45126108268523124,
            "recall": 0.4151882975412388,
            "f1": 0.3780645093018318
        }
    },
    "SDSS": {
        "query_equality": {
            "precision": 0.9774436090225563,
            "recall": 0.7647058823529411,
            "f1": 0.858085808580858
        },
        "query_equality_type": {
            "precision": 0.5003869227666868,
            "recall": 0.4205140538473872,
            "f1": 0.41134047448180455
        }
    },
    "SQLShare": {
        "query_equality": {
            "precision": 0.9534883720930233,
            "recall": 0.7935483870967742,
            "f1": 0.8661971830985916
        },
        "query_equality_type": {
            "precision": 0.5860121178557767,
            "recall": 0.5022931026800996,
            "f1": 0.493140894851515
        }
    }
}