{
    "Join-Order": {
        "query_equality": {
            "precision": 0.9558823529411765,
            "recall": 0.6989247311827957,
            "f1": 0.8074534161490685
        },
        "query_equality_type": {
            "precision": 0.32260963674007154,
            "recall": 0.2833207357016881,
            "f1": 0.22762161948677717
        }
    },
    "SDSS": {
        "query_equality": {
            "precision": 0.9931506849315068,
            "recall": 0.8529411764705882,
            "f1": 0.9177215189873418
        },
        "query_equality_type": {
            "precision": 0.4451771544394885,
            "recall": 0.4007551160960252,
            "f1": 0.3682444011443776
        }
    },
    "SQLShare": {
        "query_equality": {
            "precision": 0.9703703703703703,
            "recall": 0.8451612903225807,
            "f1": 0.9034482758620689
        },
        "query_equality_type": {
            "precision": 0.4739238617608322,
            "recall": 0.4490289400180226,
            "f1": 0.4217500707069035
        }
    }
}