{
    "Join-Order": {
        "missing_token": {
            "precision": 0.9809523809523809,
            "recall": 0.9537037037037037,
            "f1": 0.9671361502347416
        },
        "missing_token_type": {
            "precision": 0.8194805194805195,
            "recall": 0.8021235521235521,
            "f1": 0.8088251516822945
        },
        "missing_token_location": {
            "mae": 14.333333333333334,
            "hr": 0.3148148148148148
        }
    },
    "SDSS": {
        "missing_token": {
            "precision": 0.9726775956284153,
            "recall": 0.8090909090909091,
            "f1": 0.8833746898263026
        },
        "missing_token_type": {
            "precision": 0.8155616220582453,
            "recall": 0.6921711731058264,
            "f1": 0.7426484147454977
        },
        "missing_token_location": {
            "mae": 27.054545454545455,
            "hr": 0.2909090909090909
        }
    },
    "SQLShare": {
        "missing_token": {
            "precision": 0.9887640449438202,
            "recall": 0.9166666666666666,
            "f1": 0.9513513513513513
        },
        "missing_token_type": {
            "precision": 0.6810786606098456,
            "recall": 0.6268560937226788,
            "f1": 0.6513848105601087
        },
        "missing_token_location": {
            "mae": 7.765625,
            "hr": 0.3645833333333333
        }
    }
}