{
    "Join-Order": {
        "query_equality": {
            "precision": 0.90625,
            "recall": 0.9354838709677419,
            "f1": 0.9206349206349206
        },
        "query_equality_type": {
            "precision": 0.542853717888781,
            "recall": 0.5423280423280423,
            "f1": 0.4589613349613349
        }
    },
    "SDSS": {
        "query_equality": {
            "precision": 0.9818181818181818,
            "recall": 0.9529411764705882,
            "f1": 0.9671641791044776
        },
        "query_equality_type": {
            "precision": 0.5898491422712875,
            "recall": 0.5954383851442674,
            "f1": 0.5449980288821991
        }
    },
    "SQLShare": {
        "query_equality": {
            "precision": 0.954248366013072,
            "recall": 0.9419354838709677,
            "f1": 0.948051948051948
        },
        "query_equality_type": {
            "precision": 0.569213333435286,
            "recall": 0.527890444103338,
            "f1": 0.5102942749638386
        }
    }
}