{
  "DeepSeek-V3.1-Terminus-Thinking": {
    "Join-Order": {
      "missing_token": {
        "precision": 0.9809523809523809,
        "recall": 0.9537037037037037,
        "f1": 0.9671361502347416
      },
      "missing_token_type": {
        "precision": 0.8194805194805195,
        "recall": 0.8021235521235521,
        "f1": 0.8088251516822945
      },
      "missing_token_location": {
        "mae": 14.333333333333334,
        "hr": 0.3148148148148148
      }
    },
    "SDSS": {
      "missing_token": {
        "precision": 0.9726775956284153,
        "recall": 0.8090909090909091,
        "f1": 0.8833746898263026
      },
      "missing_token_type": {
        "precision": 0.8155616220582453,
        "recall": 0.6921711731058264,
        "f1": 0.7426484147454977
      },
      "missing_token_location": {
        "mae": 27.054545454545455,
        "hr": 0.2909090909090909
      }
    },
    "SQLShare": {
      "missing_token": {
        "precision": 0.9887640449438202,
        "recall": 0.9166666666666666,
        "f1": 0.9513513513513513
      },
      "missing_token_type": {
        "precision": 0.6810786606098456,
        "recall": 0.6268560937226788,
        "f1": 0.6513848105601087
      },
      "missing_token_location": {
        "mae": 7.765625,
        "hr": 0.3645833333333333
      }
    }
  },
  "GLM-4.6": {
    "Join-Order": {
      "missing_token": {
        "precision": 0.9727272727272728,
        "recall": 0.9907407407407407,
        "f1": 0.981651376146789
      },
      "missing_token_type": {
        "precision": 0.729482641541465,
        "recall": 0.7602698573286808,
        "f1": 0.7274862882638349
      },
      "missing_token_location": {
        "mae": 22.39814814814815,
        "hr": 0.12962962962962962
      }
    },
    "SDSS": {
      "missing_token": {
        "precision": 0.9720930232558139,
        "recall": 0.95,
        "f1": 0.9609195402298849
      },
      "missing_token_type": {
        "precision": 0.7900809793521651,
        "recall": 0.7768733505219432,
        "f1": 0.7776445732499216
      },
      "missing_token_location": {
        "mae": 21.29090909090909,
        "hr": 0.18636363636363637
      }
    },
    "SQLShare": {
      "missing_token": {
        "precision": 0.892018779342723,
        "recall": 0.9895833333333334,
        "f1": 0.9382716049382716
      },
      "missing_token_type": {
        "precision": 0.7406067931708245,
        "recall": 0.755500795177312,
        "f1": 0.7463684465224917
      },
      "missing_token_location": {
        "mae": 8.135416666666666,
        "hr": 0.2708333333333333
      }
    }
  },
  "DeepSeek-V3.1-Terminus": {
    "Join-Order": {
      "missing_token": {
        "precision": 0.9811320754716981,
        "recall": 0.9629629629629629,
        "f1": 0.9719626168224299
      },
      "missing_token_type": {
        "precision": 0.5487654320987655,
        "recall": 0.496740055563585,
        "f1": 0.49035594181148867
      },
      "missing_token_location": {
        "mae": 19.212962962962962,
        "hr": 0.1388888888888889
      }
    },
    "SDSS": {
      "missing_token": {
        "precision": 0.9145299145299145,
        "recall": 0.9727272727272728,
        "f1": 0.9427312775330396
      },
      "missing_token_type": {
        "precision": 0.7545807871171066,
        "recall": 0.7091751877312469,
        "f1": 0.719317767132076
      },
      "missing_token_location": {
        "mae": 20.70909090909091,
        "hr": 0.20909090909090908
      }
    },
    "SQLShare": {
      "missing_token": {
        "precision": 0.9456521739130435,
        "recall": 0.90625,
        "f1": 0.9255319148936171
      },
      "missing_token_type": {
        "precision": 0.5515044858523119,
        "recall": 0.49601050429691795,
        "f1": 0.5139217391008
      },
      "missing_token_location": {
        "mae": 9.796875,
        "hr": 0.25
      }
    }
  },
  "Doubao-Seed-1.6-251015": {
    "Join-Order": {
      "missing_token": {
        "precision": 0.9473684210526315,
        "recall": 1.0,
        "f1": 0.972972972972973
      },
      "missing_token_type": {
        "precision": 0.6365927419354839,
        "recall": 0.6093058968058969,
        "f1": 0.5927405330203035
      },
      "missing_token_location": {
        "mae": 41.69444444444444,
        "hr": 0.0
      }
    },
    "SDSS": {
      "missing_token": {
        "precision": 0.8991596638655462,
        "recall": 0.9727272727272728,
        "f1": 0.9344978165938865
      },
      "missing_token_type": {
        "precision": 0.7815483195422258,
        "recall": 0.7447468053228886,
        "f1": 0.7567463395244551
      },
      "missing_token_location": {
        "mae": 21.172727272727272,
        "hr": 0.20454545454545456
      }
    },
    "SQLShare": {
      "missing_token": {
        "precision": 0.883177570093458,
        "recall": 0.984375,
        "f1": 0.9310344827586207
      },
      "missing_token_type": {
        "precision": 0.5810755128596208,
        "recall": 0.5536629687914877,
        "f1": 0.5634309829212378
      },
      "missing_token_location": {
        "mae": 17.171875,
        "hr": 0.0
      }
    }
  },
  "qwen3-next-80b-a3b-instruct": {
    "Join-Order": {
      "missing_token": {
        "precision": 0.9813084112149533,
        "recall": 0.9722222222222222,
        "f1": 0.9767441860465117
      },
      "missing_token_type": {
        "precision": 0.46657754010695185,
        "recall": 0.5165540540540541,
        "f1": 0.455120839019152
      },
      "missing_token_location": {
        "mae": 18.583333333333332,
        "hr": 0.09259259259259259
      }
    },
    "SDSS": {
      "missing_token": {
        "precision": 0.851528384279476,
        "recall": 0.8863636363636364,
        "f1": 0.8685968819599109
      },
      "missing_token_type": {
        "precision": 0.557473067944925,
        "recall": 0.43601359635035647,
        "f1": 0.45939470025477874
      },
      "missing_token_location": {
        "mae": 23.331818181818182,
        "hr": 0.19545454545454546
      }
    },
    "SQLShare": {
      "missing_token": {
        "precision": 0.9272727272727272,
        "recall": 0.796875,
        "f1": 0.8571428571428571
      },
      "missing_token_type": {
        "precision": 0.5964769215676657,
        "recall": 0.45347554933846235,
        "f1": 0.4778894531004235
      },
      "missing_token_location": {
        "mae": 8.744791666666666,
        "hr": 0.22395833333333334
      }
    }
  }
}