,Join-Order,Join-Order,Join-Order,SDSS,SDSS,SDSS,SQLShare,SQLShare,SQLShare
,f1,precision,recall,f1,precision,recall,f1,precision,recall
models,,,,,,,,,
DeepSeek-V3.1-Terminus,0.9719626168224299,0.9811320754716981,0.9629629629629629,0.9427312775330396,0.9145299145299145,0.9727272727272728,0.9255319148936171,0.9456521739130435,0.90625
DeepSeek-V3.1-Terminus-Thinking,0.9671361502347416,0.9809523809523809,0.9537037037037037,0.8833746898263026,0.9726775956284153,0.8090909090909091,0.9513513513513513,0.9887640449438202,0.9166666666666666
Doubao-Seed-1.6-251015,0.972972972972973,0.9473684210526315,1.0,0.9344978165938865,0.8991596638655462,0.9727272727272728,0.9310344827586207,0.883177570093458,0.984375
GLM-4.6,0.981651376146789,0.9727272727272728,0.9907407407407407,0.9609195402298849,0.9720930232558139,0.95,0.9382716049382716,0.892018779342723,0.9895833333333334
qwen3-next-80b-a3b-instruct,0.9767441860465117,0.9813084112149533,0.9722222222222222,0.8685968819599109,0.851528384279476,0.8863636363636364,0.8571428571428571,0.9272727272727272,0.796875
