,Join-Order,Join-Order,Join-Order,SDSS,SDSS,SDSS,SQLShare,SQLShare,SQLShare
,f1,precision,recall,f1,precision,recall,f1,precision,recall
models,,,,,,,,,
DeepSeek-V3.1-Terminus,0.49035594181148867,0.5487654320987655,0.496740055563585,0.719317767132076,0.7545807871171066,0.7091751877312469,0.5139217391008,0.5515044858523119,0.49601050429691795
DeepSeek-V3.1-Terminus-Thinking,0.8088251516822945,0.8194805194805195,0.8021235521235521,0.7426484147454977,0.8155616220582453,0.6921711731058264,0.6513848105601087,0.6810786606098456,0.6268560937226788
Doubao-Seed-1.6-251015,0.5927405330203035,0.6365927419354839,0.6093058968058969,0.7567463395244551,0.7815483195422258,0.7447468053228886,0.5634309829212378,0.5810755128596208,0.5536629687914877
GLM-4.6,0.7274862882638349,0.729482641541465,0.7602698573286808,0.7776445732499216,0.7900809793521651,0.7768733505219432,0.7463684465224917,0.7406067931708245,0.755500795177312
qwen3-next-80b-a3b-instruct,0.455120839019152,0.46657754010695185,0.5165540540540541,0.45939470025477874,0.557473067944925,0.43601359635035647,0.4778894531004235,0.5964769215676657,0.45347554933846235
