,Join-Order,Join-Order,SDSS,SDSS,SQLShare,SQLShare
,hr,mae,hr,mae,hr,mae
DeepSeek-V3.1-Terminus,0.1388888888888889,19.212962962962962,0.20909090909090908,20.70909090909091,0.25,9.796875
DeepSeek-V3.1-Terminus-Thinking,0.3148148148148148,14.333333333333334,0.2909090909090909,27.054545454545455,0.3645833333333333,7.765625
Doubao-Seed-1.6-251015,0.0,41.69444444444444,0.20454545454545456,21.172727272727272,0.0,17.171875
GLM-4.6,0.12962962962962962,22.39814814814815,0.18636363636363637,21.29090909090909,0.2708333333333333,8.135416666666666
qwen3-next-80b-a3b-instruct,0.09259259259259259,18.583333333333332,0.19545454545454546,23.331818181818182,0.22395833333333334,8.744791666666666
