{
    "SDSS": {
        "query_performance": {
            "precision": 0.5211267605633803,
            "recall": 0.9024390243902439,
            "f1": 0.6607142857142856
        }
    }
}