,Join-Order,Join-Order,Join-Order,SDSS,SDSS,SDSS,SQLShare,SQLShare,SQLShare
,f1,precision,recall,f1,precision,recall,f1,precision,recall
DeepSeek-V3.1-Terminus,0.7528089887640449,0.9710144927536232,0.6146788990825688,0.7746031746031746,0.953125,0.6524064171122995,0.8178913738019169,0.920863309352518,0.735632183908046
DeepSeek-V3.1-Terminus-Thinking,0.6787878787878788,1.0,0.5137614678899083,0.8138801261829653,0.9923076923076923,0.6898395721925134,0.7448275862068966,0.9310344827586207,0.6206896551724138
Doubao-Seed-1.6-251015,0.8687782805429863,0.8571428571428571,0.8807339449541285,0.889487870619946,0.8967391304347826,0.8823529411764706,0.8501529051987767,0.9084967320261438,0.7988505747126436
GLM-4.6,0.9074074074074073,0.9158878504672897,0.8990825688073395,0.9169054441260746,0.9876543209876543,0.8556149732620321,0.864353312302839,0.958041958041958,0.7873563218390804
qwen3-next-80b-a3b-instruct,0.7325581395348838,1.0,0.5779816513761468,0.7266666666666666,0.9646017699115044,0.5828877005347594,0.8145695364238411,0.9609375,0.7068965517241379
