{
  "DeepSeek-V3.1-Terminus-Thinking": {
    "Join-Order": {
      "syntax_error": {
        "precision": 1.0,
        "recall": 0.5137614678899083,
        "f1": 0.6787878787878788
      },
      "syntax_error_type": {
        "precision": 0.5222222222222221,
        "recall": 0.3537181020733653,
        "f1": 0.3904448621553885
      }
    },
    "SDSS": {
      "syntax_error": {
        "precision": 0.9923076923076923,
        "recall": 0.6898395721925134,
        "f1": 0.8138801261829653
      },
      "syntax_error_type": {
        "precision": 0.7765873015873017,
        "recall": 0.5218968819199233,
        "f1": 0.5845955834640734
      }
    },
    "SQLShare": {
      "syntax_error": {
        "precision": 0.9310344827586207,
        "recall": 0.6206896551724138,
        "f1": 0.7448275862068966
      },
      "syntax_error_type": {
        "precision": 0.700475839643702,
        "recall": 0.402341254804309,
        "f1": 0.43466968123044103
      }
    }
  },
  "GLM-4.6": {
    "Join-Order": {
      "syntax_error": {
        "precision": 0.9158878504672897,
        "recall": 0.8990825688073395,
        "f1": 0.9074074074074073
      },
      "syntax_error_type": {
        "precision": 0.5946428571428571,
        "recall": 0.5600378787878788,
        "f1": 0.5360069849399117
      }
    },
    "SDSS": {
      "syntax_error": {
        "precision": 0.9876543209876543,
        "recall": 0.8556149732620321,
        "f1": 0.9169054441260746
      },
      "syntax_error_type": {
        "precision": 0.8249961095549331,
        "recall": 0.7100801464280727,
        "f1": 0.7579166370699605
      }
    },
    "SQLShare": {
      "syntax_error": {
        "precision": 0.958041958041958,
        "recall": 0.7873563218390804,
        "f1": 0.864353312302839
      },
      "syntax_error_type": {
        "precision": 0.7427612070469214,
        "recall": 0.6147492286039083,
        "f1": 0.6571784991838676
      }
    }
  },
  "DeepSeek-V3.1-Terminus": {
    "Join-Order": {
      "syntax_error": {
        "precision": 0.9710144927536232,
        "recall": 0.6146788990825688,
        "f1": 0.7528089887640449
      },
      "syntax_error_type": {
        "precision": 0.6394097222222223,
        "recall": 0.4252492025518341,
        "f1": 0.48145873734109035
      }
    },
    "SDSS": {
      "syntax_error": {
        "precision": 0.953125,
        "recall": 0.6524064171122995,
        "f1": 0.7746031746031746
      },
      "syntax_error_type": {
        "precision": 0.8067952138410542,
        "recall": 0.5316801574002035,
        "f1": 0.6025208907697388
      }
    },
    "SQLShare": {
      "syntax_error": {
        "precision": 0.920863309352518,
        "recall": 0.735632183908046,
        "f1": 0.8178913738019169
      },
      "syntax_error_type": {
        "precision": 0.7166666666666667,
        "recall": 0.573858243562677,
        "f1": 0.628798338453888
      }
    }
  },
  "Doubao-Seed-1.6-251015": {
    "Join-Order": {
      "syntax_error": {
        "precision": 0.8571428571428571,
        "recall": 0.8807339449541285,
        "f1": 0.8687782805429863
      },
      "syntax_error_type": {
        "precision": 0.5980017006802721,
        "recall": 0.5130881180223285,
        "f1": 0.49840632405630003
      }
    },
    "SDSS": {
      "syntax_error": {
        "precision": 0.8967391304347826,
        "recall": 0.8823529411764706,
        "f1": 0.889487870619946
      },
      "syntax_error_type": {
        "precision": 0.757840722495895,
        "recall": 0.7260857422147745,
        "f1": 0.7366179356256192
      }
    },
    "SQLShare": {
      "syntax_error": {
        "precision": 0.9084967320261438,
        "recall": 0.7988505747126436,
        "f1": 0.8501529051987767
      },
      "syntax_error_type": {
        "precision": 0.7260015117157973,
        "recall": 0.6247061026001912,
        "f1": 0.6618592736239794
      }
    }
  },
  "qwen3-next-80b-a3b-instruct": {
    "Join-Order": {
      "syntax_error": {
        "precision": 1.0,
        "recall": 0.5779816513761468,
        "f1": 0.7325581395348838
      },
      "syntax_error_type": {
        "precision": 0.6772127329192547,
        "recall": 0.3766248006379585,
        "f1": 0.4190357862512594
      }
    },
    "SDSS": {
      "syntax_error": {
        "precision": 0.9646017699115044,
        "recall": 0.5828877005347594,
        "f1": 0.7266666666666666
      },
      "syntax_error_type": {
        "precision": 0.7888603332151719,
        "recall": 0.46061005047180154,
        "f1": 0.5453331008948361
      }
    },
    "SQLShare": {
      "syntax_error": {
        "precision": 0.9609375,
        "recall": 0.7068965517241379,
        "f1": 0.8145695364238411
      },
      "syntax_error_type": {
        "precision": 0.7658429858429859,
        "recall": 0.5384199236723868,
        "f1": 0.602074058722995
      }
    }
  }
}