,Join-Order,Join-Order,Join-Order,SDSS,SDSS,SDSS,SQLShare,SQLShare,SQLShare
,f1,precision,recall,f1,precision,recall,f1,precision,recall
models,,,,,,,,,
DeepSeek-V3.1-Terminus,0.48145873734109035,0.6394097222222223,0.4252492025518341,0.6025208907697388,0.8067952138410542,0.5316801574002035,0.628798338453888,0.7166666666666667,0.573858243562677
DeepSeek-V3.1-Terminus-Thinking,0.3904448621553885,0.5222222222222221,0.3537181020733653,0.5845955834640734,0.7765873015873017,0.5218968819199233,0.43466968123044103,0.700475839643702,0.402341254804309
Doubao-Seed-1.6-251015,0.49840632405630003,0.5980017006802721,0.5130881180223285,0.7366179356256192,0.757840722495895,0.7260857422147745,0.6618592736239794,0.7260015117157973,0.6247061026001912
GLM-4.6,0.5360069849399117,0.5946428571428571,0.5600378787878788,0.7579166370699605,0.8249961095549331,0.7100801464280727,0.6571784991838676,0.7427612070469214,0.6147492286039083
qwen3-next-80b-a3b-instruct,0.4190357862512594,0.6772127329192547,0.3766248006379585,0.5453331008948361,0.7888603332151719,0.46061005047180154,0.602074058722995,0.7658429858429859,0.5384199236723868
