{
    "Join-Order": {
        "syntax_error": {
            "precision": 0.8571428571428571,
            "recall": 0.8807339449541285,
            "f1": 0.8687782805429863
        },
        "syntax_error_type": {
            "precision": 0.5980017006802721,
            "recall": 0.5130881180223285,
            "f1": 0.49840632405630003
        }
    },
    "SDSS": {
        "syntax_error": {
            "precision": 0.8967391304347826,
            "recall": 0.8823529411764706,
            "f1": 0.889487870619946
        },
        "syntax_error_type": {
            "precision": 0.757840722495895,
            "recall": 0.7260857422147745,
            "f1": 0.7366179356256192
        }
    },
    "SQLShare": {
        "syntax_error": {
            "precision": 0.9084967320261438,
            "recall": 0.7988505747126436,
            "f1": 0.8501529051987767
        },
        "syntax_error_type": {
            "precision": 0.7260015117157973,
            "recall": 0.6247061026001912,
            "f1": 0.6618592736239794
        }
    }
}