{
  "DeepSeek-V3.1-Terminus-Thinking": {
    "SDSS": {
      "query_performance": {
        "precision": 0.5211267605633803,
        "recall": 0.9024390243902439,
        "f1": 0.6607142857142856
      }
    }
  },
  "GLM-4.6": {
    "SDSS": {
      "query_performance": {
        "precision": 0.2392638036809816,
        "recall": 0.9512195121951219,
        "f1": 0.3823529411764706
      }
    }
  },
  "DeepSeek-V3.1-Terminus": {
    "SDSS": {
      "query_performance": {
        "precision": 0.25161290322580643,
        "recall": 0.9512195121951219,
        "f1": 0.3979591836734694
      }
    }
  },
  "Doubao-Seed-1.6-251015": {
    "SDSS": {
      "query_performance": {
        "precision": 0.3046875,
        "recall": 0.9512195121951219,
        "f1": 0.4615384615384615
      }
    }
  },
  "qwen3-next-80b-a3b-instruct": {
    "SDSS": {
      "query_performance": {
        "precision": 0.2846715328467153,
        "recall": 0.9512195121951219,
        "f1": 0.4382022471910112
      }
    }
  }
}