,SDSS,SDSS,SDSS
,f1,precision,recall
DeepSeek-V3.1-Terminus,0.3979591836734694,0.25161290322580643,0.9512195121951219
DeepSeek-V3.1-Terminus-Thinking,0.6607142857142856,0.5211267605633803,0.9024390243902439
Doubao-Seed-1.6-251015,0.4615384615384615,0.3046875,0.9512195121951219
GLM-4.6,0.3823529411764706,0.2392638036809816,0.9512195121951219
qwen3-next-80b-a3b-instruct,0.4382022471910112,0.2846715328467153,0.9512195121951219
