{
    "SDSS": {
        "query_performance": {
            "precision": 0.25161290322580643,
            "recall": 0.9512195121951219,
            "f1": 0.3979591836734694
        }
    }
}