{
    "Join-Order": {
        "query_equality": {
            "precision": 0.9852941176470589,
            "recall": 0.7204301075268817,
            "f1": 0.8322981366459629
        },
        "query_equality_type": {
            "precision": 0.48984717010631645,
            "recall": 0.4935681216931217,
            "f1": 0.42228278115746154
        }
    },
    "SDSS": {
        "query_equality": {
            "precision": 1.0,
            "recall": 0.7705882352941177,
            "f1": 0.8704318936877077
        },
        "query_equality_type": {
            "precision": 0.5221400485836628,
            "recall": 0.4994891826923077,
            "f1": 0.44063601619355536
        }
    },
    "SQLShare": {
        "query_equality": {
            "precision": 0.9838709677419355,
            "recall": 0.7870967741935484,
            "f1": 0.8745519713261649
        },
        "query_equality_type": {
            "precision": 0.5834738388294984,
            "recall": 0.4922037102013427,
            "f1": 0.4770749457602812
        }
    }
}