{
    "Join-Order": {
        "missing_token": {
            "precision": 0.9813084112149533,
            "recall": 0.9722222222222222,
            "f1": 0.9767441860465117
        },
        "missing_token_type": {
            "precision": 0.46657754010695185,
            "recall": 0.5165540540540541,
            "f1": 0.455120839019152
        },
        "missing_token_location": {
            "mae": 18.583333333333332,
            "hr": 0.09259259259259259
        }
    },
    "SDSS": {
        "missing_token": {
            "precision": 0.851528384279476,
            "recall": 0.8863636363636364,
            "f1": 0.8685968819599109
        },
        "missing_token_type": {
            "precision": 0.557473067944925,
            "recall": 0.43601359635035647,
            "f1": 0.45939470025477874
        },
        "missing_token_location": {
            "mae": 23.331818181818182,
            "hr": 0.19545454545454546
        }
    },
    "SQLShare": {
        "missing_token": {
            "precision": 0.9272727272727272,
            "recall": 0.796875,
            "f1": 0.8571428571428571
        },
        "missing_token_type": {
            "precision": 0.5964769215676657,
            "recall": 0.45347554933846235,
            "f1": 0.4778894531004235
        },
        "missing_token_location": {
            "mae": 8.744791666666666,
            "hr": 0.22395833333333334
        }
    }
}