{
    "Join-Order": {
        "query_equality": {
            "precision": 0.875,
            "recall": 0.5268817204301075,
            "f1": 0.6577181208053691
        },
        "query_equality_type": {
            "precision": 0.3143493761140819,
            "recall": 0.24011826953003426,
            "f1": 0.22728504627065907
        }
    },
    "SDSS": {
        "query_equality": {
            "precision": 0.9587628865979382,
            "recall": 0.5470588235294118,
            "f1": 0.6966292134831461
        },
        "query_equality_type": {
            "precision": 0.41771645021645026,
            "recall": 0.34204487641987646,
            "f1": 0.3200986927493796
        }
    },
    "SQLShare": {
        "query_equality": {
            "precision": 0.9770992366412213,
            "recall": 0.8258064516129032,
            "f1": 0.8951048951048951
        },
        "query_equality_type": {
            "precision": 0.4635126974684463,
            "recall": 0.44177821237052123,
            "f1": 0.41096241231289804
        }
    }
}