{
    "Join-Order": {
        "syntax_error": {
            "precision": 1.0,
            "recall": 0.5779816513761468,
            "f1": 0.7325581395348838
        },
        "syntax_error_type": {
            "precision": 0.6772127329192547,
            "recall": 0.3766248006379585,
            "f1": 0.4190357862512594
        }
    },
    "SDSS": {
        "syntax_error": {
            "precision": 0.9646017699115044,
            "recall": 0.5828877005347594,
            "f1": 0.7266666666666666
        },
        "syntax_error_type": {
            "precision": 0.7888603332151719,
            "recall": 0.46061005047180154,
            "f1": 0.5453331008948361
        }
    },
    "SQLShare": {
        "syntax_error": {
            "precision": 0.9609375,
            "recall": 0.7068965517241379,
            "f1": 0.8145695364238411
        },
        "syntax_error_type": {
            "precision": 0.7658429858429859,
            "recall": 0.5384199236723868,
            "f1": 0.602074058722995
        }
    }
}