,Join-Order,Join-Order,Join-Order,SDSS,SDSS,SDSS,SQLShare,SQLShare,SQLShare
,f1,precision,recall,f1,precision,recall,f1,precision,recall
models,,,,,,,,,
DeepSeek-V3.1-Terminus,0.42228278115746154,0.48984717010631645,0.4935681216931217,0.44063601619355536,0.5221400485836628,0.4994891826923077,0.4770749457602812,0.5834738388294984,0.4922037102013427
DeepSeek-V3.1-Terminus-Thinking,0.3780645093018318,0.45126108268523124,0.4151882975412388,0.41134047448180455,0.5003869227666868,0.4205140538473872,0.493140894851515,0.5860121178557767,0.5022931026800996
Doubao-Seed-1.6-251015,0.22762161948677717,0.32260963674007154,0.2833207357016881,0.3682444011443776,0.4451771544394885,0.4007551160960252,0.4217500707069035,0.4739238617608322,0.4490289400180226
GLM-4.6,0.4589613349613349,0.542853717888781,0.5423280423280423,0.5449980288821991,0.5898491422712875,0.5954383851442674,0.5102942749638386,0.569213333435286,0.527890444103338
qwen3-next-80b-a3b-instruct,0.22728504627065907,0.3143493761140819,0.24011826953003426,0.3200986927493796,0.41771645021645026,0.34204487641987646,0.41096241231289804,0.4635126974684463,0.44177821237052123
