,Join-Order,Join-Order,Join-Order,SDSS,SDSS,SDSS,SQLShare,SQLShare,SQLShare
,f1,precision,recall,f1,precision,recall,f1,precision,recall
DeepSeek-V3.1-Terminus,0.8322981366459629,0.9852941176470589,0.7204301075268817,0.8704318936877077,1.0,0.7705882352941177,0.8745519713261649,0.9838709677419355,0.7870967741935484
DeepSeek-V3.1-Terminus-Thinking,0.8554913294797687,0.925,0.7956989247311828,0.858085808580858,0.9774436090225563,0.7647058823529411,0.8661971830985916,0.9534883720930233,0.7935483870967742
Doubao-Seed-1.6-251015,0.8074534161490685,0.9558823529411765,0.6989247311827957,0.9177215189873418,0.9931506849315068,0.8529411764705882,0.9034482758620689,0.9703703703703703,0.8451612903225807
GLM-4.6,0.9206349206349206,0.90625,0.9354838709677419,0.9671641791044776,0.9818181818181818,0.9529411764705882,0.948051948051948,0.954248366013072,0.9419354838709677
qwen3-next-80b-a3b-instruct,0.6577181208053691,0.875,0.5268817204301075,0.6966292134831461,0.9587628865979382,0.5470588235294118,0.8951048951048951,0.9770992366412213,0.8258064516129032
