{
    "SDSS": {
        "query_performance": {
            "precision": 0.2392638036809816,
            "recall": 0.9512195121951219,
            "f1": 0.3823529411764706
        }
    }
}