{
    "SDSS": {
        "query_performance": {
            "precision": 0.2846715328467153,
            "recall": 0.9512195121951219,
            "f1": 0.4382022471910112
        }
    }
}